nrmse_res,rmse
0.4313988453044385,2.581472234736186
0.4537704716946083,2.754168370980644
0.43361647042289586,2.6202492597747185
0.3951867591787885,2.4133865186212646
0.4134013885899186,2.414087253156102
0.42766932036247907,2.4333698228111107
0.418092548501092,2.1105848437702184
0.5039480714197586,2.328401784527655
0.5270620824865495,2.638128926242836
0.41174477736075327,2.5079000075609517
0.418807539705049,2.774879902109924
0.4056367540395044,2.5683097154158996
0.5299866296445266,2.5649085552315323
0.4468686365608035,2.9966485039959765
0.3958371557008145,2.7708600899057014
0.406730152260711,2.712259357588805
0.5638232178608091,2.7286631666525794
0.34585071400367495,2.635493408851534
0.36438327783037494,2.8760947490782534
0.36936246341774087,2.877866894115767
0.3931372811778393,3.1324842190105913
0.38482521017529187,2.8563496883599204
0.3954516055794825,2.8886999637517277
0.4621966505346424,2.50624280022528
0.5181024856173055,2.20816941731012
0.4846340526291837,1.9825938516648423
0.5915389836684106,2.030845066925773
0.7047069093857841,1.9483073377136382
0.8070646069123502,1.704762137595606
0.9020516792375809,1.659389185335443
1.038575871547259,1.7328110798007743
1.0686867984022406,1.6630366755885133
0.9545065200369498,1.8018224683050443
0.6904526031752451,1.7833615365435478
0.5855203669414804,2.0321000970321967
0.5272890883478509,2.4503434105576605
0.48075821538047053,3.0388032651321724
0.48136442086404185,3.4699424562819705
0.5208457735262778,2.9607436217028518
0.4630410598442925,3.481474492733023
0.4407558712281413,3.054650316105193
0.4151780302179962,2.9617512957797163
0.4423485058917873,3.0727845409274424
0.4176638209472134,2.6288252259618723
0.5686245443355488,2.58465701970704
0.46778852033324725,2.696663234862249
0.43414787494651724,2.4470152951530975
0.4171024417460401,2.5628379976802145
0.40330613626617945,2.5945309194022133
0.40529149755905386,2.676657751258992
0.4091325924831324,2.6254497913356087
0.645964497622613,2.73930399259215
0.4667965441051163,2.893140078170213
0.4776764529064371,2.6412697984238287
0.4604572277118098,2.373693943926121
0.48468017619350556,2.423400880967528
0.5438682976794483,2.6320898898390417
0.4399280639634742,2.4772419858477988
0.4758032758589899,2.6436342439437994
0.4555095305536096,2.701390745368733
0.44031733535646156,3.310621248722914
0.4391561631172063,3.466280731342227
0.3886158764750746,2.9031891948432045
0.4371741171690245,3.3617988261446907
0.4072688392238384,2.9793784602043365
0.46095210958740307,3.690081861242473
0.4090271466974191,3.2547186860201047
0.5453082737122518,3.1522900742403426
0.5340759300293331,4.452536764255242
0.4412776888186672,3.287164815638521
0.48116526232436185,2.6039531843436055
0.5152744615185432,3.188088513245746
0.5104495964977532,2.729676986619001
0.5633965416335639,2.3590347171073827
0.6596888056917085,2.3565354128452474
0.8293282383089158,2.1021475131466634
0.8025454307359192,1.7467165257193535
0.8408208364747866,1.735598090263463
1.1343984703004812,1.9230177277286231
1.1966781067555214,1.9134051011759408
0.9295800590668613,1.710029627374333
0.9245058981856713,2.1604763503055526
0.6891032677384842,2.2920975001782735
0.5779639118546642,2.6487437029916965
0.5098866185337928,3.2556396926703135
0.4986762165157588,3.432065725431987
0.4751974686826564,3.6364041587426805
0.4805848995691092,3.682770914879858
0.46950692917602393,3.301612897681666
0.3952822407926727,2.549253381796595
0.4498282501750822,2.9467358634463943
0.46929874213399575,2.8835521642350863
0.43367026070389014,2.655360687197616
0.4943746131724257,2.720382229702813
0.4478187976872131,2.497727304747397
0.4598141286618206,2.6506932122857894
0.4544218967696032,2.738681698713063
0.45593546848987715,2.8136338536754986
0.46648341440310714,2.7340418298706175
0.453387351980578,2.562729577772572
0.45395894120005154,2.6533535974954883
0.45843217220637195,2.444154415453224
0.5076687952673355,2.405318463138285
0.523760283235585,2.425542274235383
0.5118455119562175,2.3320447924422316
0.5136797448078375,2.683770645332926
0.46686185513219,2.6688519953813428
0.46653119780570906,2.6993944172501454
0.4522575288073158,2.9795790133187863
0.45841938476380106,3.2383529800694184
0.4140949689473513,2.7259406779368422
0.49615063858444797,3.1360965497690776
0.47992409096111965,3.269643272109446
0.44906813567579745,3.0882439704763396
0.46074908351837324,3.2252435846286125
0.4341700125075682,3.164565385282436
0.38511161706541086,2.8378813278937765
0.4664029193010754,3.5017630946455074
0.4321573831812403,3.1498957929199496
0.45242654231021334,2.9226270754584904
0.5301897347878636,2.874932572593014
0.6164575454587689,2.568023678675834
0.5930481122865109,2.166052730971588
0.6958333207741126,1.9907530834981295
0.8046575155233774,1.841676024834254
0.7573139099629332,1.6320722230751985
0.9545851033310891,1.6488288148446086
0.9875874331827285,1.75336378511586
1.1124765988213587,2.0762263796184715
0.8490849054751937,2.129523105175753
0.7518334584022784,2.40425886697627
0.5609599955876168,2.531819445325928
0.43174678337340555,2.567392636958433
0.47100530632954024,3.317187103935853
0.45724017684871215,3.181120160856548
0.7428043377814552,3.4597998834633557
0.49480848044991954,3.3578179769569405
0.4203568097448856,2.686237367086301
0.4553307956043499,2.8196420390900383
0.39888824078135926,2.504250238916127
0.5064225440389042,2.8273001923883205
0.47594221287302557,2.6367707622270293
0.4753141866135714,2.806132951986004
0.467308451776601,2.728881440321114
0.4445151575327515,2.785945265392432
0.4210298832461001,2.586969710426572
0.5051113181304812,2.757853774391558
0.4435730872659635,2.457442344425338
0.4498270198985091,2.535388657609779
0.46464596881741976,2.477283587759185
0.4808153322195027,2.29608605172201
0.5899851344317897,2.520845574390374
0.5112545016618549,2.2063229028936733
0.47171160760444353,2.303062554774636
0.438044709996571,2.3541975055965447
0.4231686598372986,2.471123938729038
0.4795710291820513,3.0261701306674897
0.4613143820784637,3.026913084546925
0.4249065617448793,2.7039508474674134
0.4749210867627588,2.9917488781097856
0.4390834295309024,2.848172192625586
0.44821750312329467,2.9649467987353773
0.60793452262174,3.0234176793487606
0.43187565305948555,3.124747372136278
0.4565982400811825,3.3719902115086255
0.5275314931918649,4.00867514345262
0.4242862079973133,2.9359698029332804
0.4140988480282005,2.582028111234662
0.540969234474712,2.9912416494484075
0.5817222837262053,2.4637649663698107
0.5645461722525682,1.9532693767241265
0.7368980700299745,2.072772111421212
0.8189214572182781,1.8436680935235032
1.1118155937826437,2.235522263434621
0.9983002484740419,1.7563678168340093
1.167553185688447,1.79191317803521
0.9824496478455744,1.8650782084768927
0.8334367740697094,1.9654845848381919
0.7162697682959659,2.248397614918353
0.5661094938283721,2.4672686495728517
0.4694217119156804,2.808999441891157
0.4567555034266743,2.935936444485896
0.479796185955331,3.3457445266617736
0.4294244774512861,2.904930288641053
0.4382179486529309,2.8917697788113195
0.46585829825936953,2.8673951940991143
0.4402168138616609,2.7213403038720854
0.49150502473754043,2.7650443102881956
0.4749134374354271,2.5345647623559158
0.4780433183798794,2.456682507823872
0.4828625437914522,2.5744061826742133
0.5683279992798596,2.929776424095105
0.4511091393958146,2.5643262843729997
0.49491567527312436,2.538096965705488
0.5275546441044603,2.5700656726158466
0.463062865856331,2.337600777370997
0.5045106662224527,2.433522037073007
0.5162739018681963,2.2693965098163495
0.7219182799966372,2.6946468419125815
0.5917120204116318,2.316220315194195
0.5245534554452124,2.3310370132351417
0.514632075750048,2.47683886724622
0.49870193021474163,2.3708343099513653
0.4860795431016465,2.820301092327735
0.4865887246316975,2.8752970091873036
0.39390707660926927,2.352910184879967
0.43558297250916206,2.8604058301671174
0.4348783615739392,2.8301976793341392
0.42427123130324157,2.881414244679769
0.43732630666254185,3.2226505378662176
0.4426469953375103,3.117465737216583
0.41707037994601587,2.9618687944829363
0.48047032085759817,3.484052166218733
0.43353487907649063,2.979103313440056
0.40109519506789304,2.621060579534574
0.48787169641235995,2.5306713664170544
0.510860551607251,2.4860058928481195
0.7255696856497513,2.4715929933630565
0.8428690567193673,2.163514156285007
0.8866674166198593,1.9298055538196934
1.0276865209139174,1.7750948997604028
1.2612366211213708,1.7401018622957949
1.3521025095505665,1.7497797182419097
1.0380122324665453,1.5986498553495456
1.4068154667240067,2.4149078332535088
0.728612195136282,1.6910037042200339
0.7406206990129651,2.538705176830538
0.5672117692584523,2.924022168797583
0.5031568078734976,2.792923885415457
0.7124711908390045,3.173735304646474
0.7348424903357145,3.014033102072155
0.7232806601753117,2.9820822940917933
0.5272682460465148,2.630701997654536
0.5191049506246829,2.7953940389254313
0.45452214121506584,2.7003962507483323
0.39329039371707086,2.4480749640998423
0.4279103782575842,2.649840738087072
0.46439968241091045,2.7988151982732408
0.43010203128211144,2.7623130458278924
0.4741688110803331,2.888119122034756
0.4331101107534918,2.663511376291527
0.42939437765505456,2.8220625141072837
0.4729393045805896,3.024788279563557
0.49901196282793026,3.167525133030766
0.469227651243927,3.0311604422602345
0.5433622961868084,2.4698286190309475
0.4763453798720641,2.4836189592260025
0.5685013715459736,2.726982514848868
0.48884225908074663,2.250765695553598
0.561370520675627,2.518662389555353
0.6086560456815161,2.717795712000352
0.4729959830478208,2.595154431053819
0.4408306073020654,2.8830793194140427
0.4195431902001602,2.898662041382925
0.37626559458270675,2.7223922431572314
0.44527535700195675,3.319325388560041
0.5975419498388955,3.102744563067206
0.44788984271914717,3.437015637978482
0.4004740603746881,3.30444639122002
0.4488562320351002,3.4108273033255476
0.41892515997314567,2.981761432750037
0.49187892918089005,3.3721325519246044
0.4355843556222837,2.82081633507265
0.5754207094300161,2.8617179666840373
0.5484597823012317,2.3258214297586988
0.6017339894434927,2.0304499857692186
0.7876949409175648,2.3378111882847508
0.819868744010956,1.8808753539074872
1.1535420857898617,1.8197589053904235
1.5478768345424767,1.729979991547474
1.1810564020058962,1.5978998380079774
1.8407425413182197,1.8998037993284298
1.1508994105591668,1.8463626907366313
0.7753645062613705,1.9156064272339743
0.6483861583356166,2.087318007048349
0.5318896656582429,2.6822029663942413
0.4952112910540065,3.0374724643793876
0.49428323187617296,2.7383819691107765
0.5380623573979149,2.811160016993384
0.44206040501970584,2.522344663935969
0.4694100031662195,2.6758880394395184
0.440439882863811,2.6520604711478675
0.4506083463382614,2.734975791946132
0.4361777003391752,2.7033687416743533
0.6836330891613419,3.0196841264559806
0.44302495896226907,2.54443211724854
0.41800111101953,2.5616538675314513
0.5140605099093639,3.0348812991440517
0.44702435060691414,3.035940776849096
0.42634096194920124,2.963867649914233
0.4479405849234309,3.0637219685404715
0.47770457968119956,2.7308352710117774
0.5431252069805224,2.4919862437929847
0.4972999305750069,2.9385904988523133
0.4545099103411153,2.4840060340567907
0.5510621166004609,2.5018809464908625
0.5571554392698228,2.309066660075469
0.5400190879629829,2.5181638754209685
0.5716827621343403,2.4793300539622996
0.5018632394034938,2.6757093566057932
0.4598886579563506,2.899511912997526
0.4534759428186512,3.1937316400650464
0.725489749698136,3.685643113439728
0.41985540400149735,3.064719927604513
0.38512406922896,2.9100551327300557
0.41901738662308136,3.2625097054716923
0.41744684165573276,3.0203506778620666
0.4298153736762193,3.2937188795616166
0.38548494888875895,2.881860740890294
0.4187066727869564,2.8055586149842586
0.43763366792194924,2.789622097128147
0.5597183349462357,2.696824704740954
0.5757874220984609,2.3708893851113095
0.7069071756046332,2.234129095092718
0.7432431193919774,1.9992047543003457
0.7678473800020938,1.8025935819300491
0.9826254109837703,1.7182807988860584
1.098850122687033,1.6277084705043217
1.3939597488911042,1.7219502780419524
1.421268373237538,1.7024819016321309
1.0873556354937124,1.622311349212544
0.8658071054475955,1.8890336846129356
0.6729348965618206,2.141156489060338
0.5484184821640578,2.7802177598477367
0.48110786365905306,3.0307222641195963
0.44634801990447304,2.6327372510942983
0.5136110526191129,2.669678840351753
0.4745103707132719,2.501963772851797
0.4444895917722322,2.719230443783067
0.43067579357951435,2.782119564941462
0.4774900786332778,2.984951347178084
0.4068104091809601,2.567038945633866
0.42034481296831994,2.6007430406649528
0.4371023687518323,2.7955852033539648
0.43948562765262555,2.9001351044028874
0.432017274720285,2.783854631218949
0.4246657858660199,2.8000690586780883
0.430517685019713,2.8570719096762773
0.5452716174853024,2.6709561583772032
0.46319229991389776,3.264638776933247
0.5022656943341549,3.607180895672567
0.42007515247253113,2.695669427631216
0.4710023867923272,2.5237667998177105
0.6055123472945046,2.63899766334236
0.5171705081300498,2.3175876246683518
0.5212127602208063,2.447191462427101
0.4626764299888537,2.3208047664681537
0.44339273299489335,2.4801540038110077
0.39080202958313803,2.6603795917611484
0.4115024747485574,2.856311295313516
0.4281908451873628,3.153041678197853
0.4186955850540111,3.1502924501122656
0.35971427263859523,2.7873047115151044
0.36797816370179626,2.8552744146059164
0.38968086322223583,3.079937517874142
0.3740865941052123,2.95068302836999
0.42454930976175453,3.094442295215355
0.4507857150895621,3.080770822911553
0.3945570651778228,2.493938240856613
0.44123544912410495,2.307637803440506
0.5201037279784843,2.283450057060618
0.6290552842756736,2.0755460449095753
0.724605388423331,2.073068892013273
0.9014010659735668,1.8992086630673013
1.097455452925372,1.731279992582806
1.291242303197065,1.6710194511962018
1.352472397140519,1.591143996635905
1.2249437569590877,1.591771833909403
1.1660706524405524,1.7896378462590294
1.087851810491185,2.0360862763203995
0.6748484835262939,1.948760326760421
0.791496408486678,2.6453756968137636
0.46333578726097574,3.0897311589007312
0.48557721385714836,2.596669592818975
0.6256058631822271,2.7934807259741152
0.4849645639955418,2.933127924486405
0.706955652462359,3.0659948350105517
0.410518260894949,2.6936144712197994
0.4076086558305923,2.7813296515499237
0.43029988987173,2.9108521961911147
0.44079507448729033,3.0596363993823683
0.39522356199017616,2.68836561952676
0.4145891632918342,2.667116382032495
0.6669000481360016,3.1169553051917935
0.4254573336098324,3.0123289288738935
0.42623773428285505,3.040647794295875
0.46525443856427917,3.323956844502016
0.43964712211342066,3.2326994273045635
0.40600582927898266,2.8007888757748
0.4172660863008505,2.5683062317234167
0.4404976818127201,2.4545378847532318
0.5080464340791985,2.5021966084863196
0.494753059054488,2.3838101936261697
0.5158243071458765,2.6067057232772903
0.4888992171138961,2.6954817799167214
0.4741571724534644,2.766339439287324
0.4671469168231872,3.200081285831566
0.41525810782826605,2.931233702317172
0.4581413807069764,3.557333073724758
0.4595895989929382,2.6543142615634934
0.38364282929411664,2.701912332515249
0.36414323858508396,2.798255795972009
0.4273207779678073,3.692782765753886
0.36315499367189863,2.9324280237677374
0.4245759406222982,3.3284937377127766
0.45581783393410963,3.302851149629511
0.4496118175697907,3.039087365819334
0.4657714410692351,2.5654790604348245
0.47373414839723343,2.150803700477279
0.575252656173658,2.08875162321879
0.6419683535976691,1.85724534383069
0.8179642134269287,1.8983768375790753
0.8332153015115309,1.608506544629212
0.9706920303482295,1.6091686064596318
1.0824066006099107,1.603350953844627
1.1818460516596834,1.6937686729668189
1.2362224609766153,1.8113633920192118
0.8091474235695321,1.8389714172034821
0.6360811818620068,1.9932811367440428
0.5665455724635982,2.8902913162046664
0.42387124160222567,2.658828697323052
0.4545145366282653,2.9093791462247784
0.4547509073334598,2.84523294962646
0.4451000810955682,2.84197591886689
0.4266901395047536,2.8841515311979067
0.446730423931084,3.0650007160619293
0.36973156890459435,2.5228742348784086
0.40740010040623265,2.9890531430874394
0.4468181956626299,3.1492319886809956
0.45482988913478095,3.161919015375483
0.42737798746525124,2.950507924158499
0.4125219131019463,2.841327401472229
0.40633886377901685,2.8552367219552304
0.5171372666941871,2.6852421709093885
0.4355383052777659,3.1931712114214816
0.4718199695684969,3.4288948590566166
0.39102176289849583,2.770608747810198
0.43465286213446186,2.7148371281981363
0.45166862254812473,2.5989060848223646
0.4791951683033411,2.4369764976282213
0.44196889528440686,2.2051175363655164
0.5236845225574135,2.492402273134214
0.5193303638958495,2.582765980872407
0.48235293430421755,2.8064170723154476
0.4305141540412735,2.9560437101015786
0.4440058694083041,3.1222872634862027
0.37010766620387625,2.658045966373293
0.3920162950218632,2.920206946339334
0.3979250282805712,3.0535958052546506
0.4364613427474107,3.4870227062279766
0.3869294980015963,3.0333617329964717
0.4021132492162577,3.416887449222639
0.4167749115259078,3.3609442063158768
0.4274023900547316,3.3895066548190744
0.43329896372254983,3.151265190709453
0.44929866142175706,2.880797299704207
0.46781269089797123,2.601739029592995
0.5283374385411276,2.282869787921022
0.6283288330995715,2.133629994749882
0.6663748399384236,1.7817509089262664
0.6796199215169928,1.6499863335225387
0.8130592550644178,1.6913371669521844
0.9538590337543107,1.6373729937707686
0.9208467805447862,1.4871429290081575
0.9627354003492892,1.7349830476882913
0.7453209211732866,1.7457249383630993
0.7587139740236534,2.1138501629215156
0.5910299571529642,2.3230321845317046
0.46680521463402713,2.4638328708223787
0.4766588065851749,3.2703382291378578
0.4766612221636664,2.7095768939036224
0.43430961247543776,2.670887991159109
0.4246654873516164,3.045328441382447
0.38313406562644775,2.849943771584967
0.3848409797077237,2.8441188981608243
0.41364639179799845,2.6676874251785354
0.45294448464393133,2.8145534286430385
0.4368126068438096,2.5718218189039272
0.4741282423428575,2.771241544816809
0.4217898818490008,2.7495286950477644
0.4318357196999244,2.879674558640672
0.4075259068115151,2.8744741769218636
0.6162854012697326,2.9397143204951957
0.44196548904534205,2.668337096963589
0.45031403504352335,2.8824914435673663
0.4383138043722523,2.4798716846301763
0.49115662890268935,2.5240723014731787
0.4490378666201434,2.2163740689325793
0.4806191091140686,2.6061378430035593
0.4642213388306382,2.8076702364569615
0.44911821027045723,2.8219994495603595
0.4551415053907948,3.0180506239817406
0.4340146578581655,2.780478931091349
0.4428857892743964,2.9841502378916553
0.42033347068980337,2.7804946697501967
0.4080657212065447,2.8957391018239833
0.3979874033412721,2.885940742945267
0.3834775063919316,2.9181202759129343
0.37051437151651045,2.8709910391840836
0.4178455549505802,3.351702312437809
0.43536719236519683,3.396795367170172
0.4359569562566874,2.848873799709476
0.45759733484003706,2.818995346180335
0.5260471410222968,2.7005628630021654
1.0540405239818336,3.0155704830496304
0.7119937238115872,2.2311674981475407
0.7806999690701172,2.0498592770771524
1.151010468755721,1.9327127657181626
1.4332010190282272,1.8394023773624306
1.204572383987391,1.5975077605822083
1.1037104460233722,1.5581794532094668
1.1119746784256408,1.4568652203972299
1.118948239443589,1.80108780787444
0.7457693297274586,1.6829660809892382
0.6570085456338663,2.111562224202961
0.5082480191686519,2.6798531919801647
0.48240956862787393,3.0157047365025913
0.4792622434823772,2.6269721902108913
0.5706696869441364,2.923537754505255
0.4920209285961042,2.8416181972395322
0.4998028086944586,3.159181389715776
0.44570764990826345,3.0603669651455094
0.46463319146041204,3.2449783318037335
0.4270792505627005,2.889065518512386
0.4328139750572833,2.9695204812753717
0.42779651093149207,2.747505933843433
0.4260126523179847,2.852234442257309
0.41793414972753273,2.766858167714896
0.4477236237542647,3.1173056584387844
0.3851336671814058,2.8236270465545847
0.47377304315264557,3.5773665076552703
0.42366868620614834,3.2602098366344783
0.4373397711081556,3.346701670886474
0.4381000617922954,2.914419662404361
0.4900436568695583,2.767305356439859
0.5343533647468403,2.4946015370266923
0.5467275518261019,2.4909725890686567
0.5223219049477809,2.522228236191691
0.5474484683235341,2.664054043713455
0.4717472598675892,2.729575054421024
0.46574659349634057,3.4445322930772138
0.42010263558520256,3.261973405720396
0.41425584938706467,3.2431580935971267
0.4181997537026308,3.3836161890485585
0.3889402520113717,3.2134368414843277
0.4240724322074523,3.544519847808812
0.4216136966831328,3.4067288539476666
0.7037324080188774,3.6390868371885263
0.4678517909432668,3.5851958097417183
0.4537966612146779,2.8611030137545734
0.4661855322728647,2.7273100123342995
0.4806180539390957,2.323415619042473
0.5571718707372434,2.2733804137567737
0.677615716137648,2.0763305098763225
0.7534311478572158,1.8936504785716117
0.885648641427377,1.8423386177286076
0.981830400385808,1.659135863753558
1.1227923046854724,1.5791143108678034
1.239167876047434,1.6765212440641757
1.2070242456166695,1.5491220264598968
1.2015963877784686,1.7542022131739141
0.8564329355199585,1.8365219633342427
0.685928077808439,2.0467800396636844
0.5179449607048348,2.8805495140803643
0.426641886935867,2.699023274038132
0.5788339472652779,3.6061045377756615
0.5025746995091375,2.875694804677952
0.4812673523936307,2.7048769377845234
0.4222523417203271,2.5357720842349054
0.4607104294249791,3.047587172185557
0.4688356602658915,3.0562067907172286
0.4149613704172435,2.835939205311429
0.3980013253184561,2.7966510238954614
0.3992470006520908,2.700788533822967
0.7047806474034317,3.2299305605601125
0.42167857854727897,2.875081217367811
0.3789795474099388,2.7440551186794497
0.42777943426360776,3.280404859540179
0.39226408556762427,2.8780017401004305
0.42756142573238165,3.1644118353669315
0.4416397530263395,3.100925110821304
0.4465855227000532,2.987585502127094
0.48451775271043707,2.7386912546253046
0.46279121126516526,2.336229430130032
0.529340494084347,2.4287387375634744
0.6687980258075058,2.4999455617082704
0.5517970269506276,2.4757096556768796
0.5533145237347729,3.1808187861758337
0.4462031247302065,2.8561772208666163
0.5968953282611761,2.936597336899904
0.42560081175631587,3.3774952120126884
0.3893887134022643,3.1130274146330756
0.3862084524067803,3.133038621930939
0.4077972800068436,3.534970004765206
0.3884157088941121,3.3295742318570145
0.5087482525465203,2.995357358576037
0.45077364686584415,3.601368066404124
0.43626242443404534,3.1564869532580926
0.4145096543541735,2.6754714053769377
0.48395922017404563,2.588017220182062
0.535399234936363,2.31910898555323
0.6342357650634473,2.0892472260913557
0.666461501801033,1.8283141733899995
0.7555262946852567,1.7171052151937654
0.8951805647956352,1.6754716453394243
1.0174587632770278,1.6214048740992206
1.2159414672979576,1.5995807537716447
1.4174959403111211,1.8419867031850399
1.136564399352695,1.7321970792273695
0.9335805910825646,2.086827203596321
0.7649532557001866,2.1598680160946446
0.5239845378890083,2.703984380015471
0.47632737557329874,3.051551849929475
0.47177051865003633,2.9264909178291023
0.4548839022424019,2.8047119747887135
0.4973001920733218,3.263033880609443
0.4168712803683947,2.6461294641566018
0.44773861165817225,3.093466771456463
0.40812934322979,2.9813084644486265
0.4510440263486293,3.2079601873993417
0.425965247824949,2.9840346238004445
0.447345508839395,3.1792630013238288
0.3865381293070725,2.718169198068451
0.4172754174766611,2.7000174072019245
0.4330096801844644,2.836560739176304
0.43374806137910854,3.2310751310219157
0.42782265906712247,3.36996137329343
0.3644188491895869,2.642523847599357
0.5098387250770452,2.699146191584357
0.44397063465079134,3.02232415994897
0.4512380589247523,2.608493805869825
0.4705677542093922,2.6673894088874635
0.5045128348203848,2.325615313450116
0.5771770510658946,2.6852622161889212
0.4935823612148082,2.510143451953383
0.4713365454574379,2.8053346261718097
0.4552452315460831,2.6048791323759835
0.4264447842843667,3.5096177701264195
0.3948692241162802,3.1146101902219963
0.44332505691877544,3.897467345318004
0.40025771552043254,3.37115455585391
0.43149468482871844,3.892681996289027
0.4143364564917787,3.5805760090412537
0.4379131200942417,3.767926257923181
0.4767726699956095,3.8600739164350415
0.47708352016047273,3.6840032251963777
0.581758084665287,2.8279042725173578
0.45340602284094594,2.492520810056109
0.5668209444143422,2.324875210512302
0.5856128106336377,2.1576857033506758
0.6745712240141166,2.020106339293611
0.7193359287014356,1.642547815804882
0.9295393871893145,1.6900716130714808
1.005390587118187,1.4623863085355446
1.393358899337041,1.6839524665784558
1.3257089163738003,1.623461721120857
1.0596962283662787,1.7227147241890308
0.755206745885005,1.639646731707551
0.7188702082468758,2.087414561914725
0.5818934156057736,3.136623331179785
0.4896856906922009,3.3728083936446778
0.46634593962286197,3.1122980355579237
0.4661370534826515,2.866618243342509
0.46846238480830504,3.12141246776015
0.45565820210753843,2.451294926845902
0.44942210568148283,3.0690482831831742
0.4180934478915552,3.21507154047089
0.4532218026116086,3.5748778548241855
0.4227775502792928,3.260134906431766
0.3958287461226214,2.8681708609419894
0.39466711351092665,2.7331225240462564
0.5553003160751022,2.8626176721732546
0.42276701397787714,2.9932808904102104
0.3874250063054627,3.0186001828184983
0.4512965724207425,3.61037257936594
0.4167806907028375,3.307500240657812
0.42513150783251263,3.221451051329788
0.4438062047658656,3.0662974147459803
0.4330100022352407,2.570273275300092
0.524436403933416,2.5156120552314123
0.5032765975455866,2.556752768279718
0.5601092610238082,2.5369654764019547
0.6750919854828287,2.6678768838064726
0.4592943035054255,2.755765821032553
0.460835005167459,3.5067818842422147
0.4174415474868322,3.3618554573003703
0.4372387156311548,3.7153599953898664
0.4080204878510911,3.519449448683475
0.4075876034440631,3.4634048228482155
0.3900275426434523,3.326705510782387
0.41870121347125655,3.7660718773190025
0.3899754441218137,3.4722412538118705
0.40873091691137126,3.4578198425336324
0.45208562825745213,3.710970264038444
0.43943126455884096,3.1982136420565914
0.4258245535343512,2.4820789484087853
0.47067466723924545,2.2325584483487204
0.6228345544973224,2.094988956036448
0.7375718555141857,2.0391692475980427
0.8584441848267508,1.8316536350046715
0.8252243556185598,1.6283838888943771
0.9656896486137482,1.5698911934683393
1.0570142424186548,1.44138305784362
1.1132355184537293,1.6013922698612468
0.9605566392040824,1.6642799524177685
0.8057988675737934,1.8873791657610777
0.6992812242909819,2.1688936368383396
0.4833727211580662,2.546107648880723
0.49806930661490595,3.561062368685183
0.45198862817923585,2.847286652380427
0.48136798143065346,2.8521696439848343
0.4181394295260779,2.7190243117845494
0.4327614138722065,2.939074842875413
0.4029872107498335,2.932971090002799
0.4580207296561987,3.4559745964967723
0.43618094978998967,3.027608945601105
0.470727031420223,3.473814456470095
0.42832588356883194,3.000571697728181
0.39934196158344093,2.7953937310840864
0.3824936194442323,2.775635516501729
0.33715508153270224,2.466460703405009
0.37391515900787115,2.83335711397943
0.3798320312149829,2.878192450436528
0.4399171744125283,2.924155335800924
0.454145730779002,3.067305122854971
0.4888966521664966,2.9281510717993378
0.47414082119573336,2.6901786699929042
0.555349932957875,2.6728071639683826
0.48357240570930876,2.3713149520611556
0.5167071875580448,2.5061680166585383
0.5218926981540224,2.4950378189823317
0.4587439732872123,2.551303380848667
0.4482264616558236,2.9170674001879
0.45941052242013986,3.414869658630986
0.4057896405219147,3.172537189534969
0.40897330891929295,3.3592673930483103
0.40514780177878706,3.4188408085931874
0.3742599501788966,3.236247804488106
0.4013846211449655,3.505139499089458
0.4456790716656869,3.9181625337881774
0.40685105718195935,3.4941326087391804
0.4306671799777554,3.608852786230709
0.4640417389017751,3.8860393749742235
0.46704668938754107,3.441659561369153
0.4450990921387615,2.715818524761106
0.5318318982714487,2.590902991044331
0.7862614091073652,2.173781542826245
0.6448235291478998,2.1206763124382797
0.7082230267499731,1.9087936122031361
0.8588437679821529,1.740651273076128
0.9033990329298163,1.5217684244539686
0.932935101257769,1.5665327368713342
0.8919691167821875,1.7887081218894134
0.7235113184362684,2.066069754251162
0.65438278171427,2.383073124852502
0.45991436408576575,2.4028680947154712
0.5222404318223716,3.7590140172883006
0.4953683956749462,4.12453792548605
0.4709696967528948,3.7602019104388873
0.4360084240289651,3.2619025947407603
0.40970258349221655,3.076055760551187
0.3960416672886103,2.9734893094824
0.42733463971744146,3.053043201403753
0.44262304405678077,2.9965816779459065
0.46303764602560854,3.1025998420860295
0.5503813321892999,3.043285013282011
0.4696105357883748,2.8779340856335693
0.47011194383356425,2.9941354283731285
0.44388727298113523,3.1831702303085687
0.4557535983991077,3.212209853957347
0.41428287560558913,2.8047172220143093
0.44242298910964256,2.7988577332444233
0.39334625899728526,2.566216235169455
0.44082663700432806,2.831191395947583
0.45766583036383274,2.586913276441557
0.4540314485043335,2.4279756604509815
0.48275739855586697,2.5222137881769093
0.5074680375736267,2.7354426838193353
0.4616253288735458,2.715443111020858
0.6759853542926157,2.917220218792197
0.45801017338094047,3.3113890610215586
0.43558646929303746,3.22147640124209
0.39818926440055347,2.9363796556596964
0.43290455634270864,3.282666635796582
0.39737620497202697,3.079134336922284
0.39763231768776197,3.202322301806254
0.38161998424661797,3.226423503175952
0.5751978411832287,3.395820409980131
0.45099202567506497,4.155397113572925
0.4203487599441523,3.005381240884126
0.4382452674307716,2.9458518778635288
0.45115083515769333,3.0639655649747084
0.45237083460370137,2.515859187100799
0.7238959075957515,2.4116959916157925
0.6229609304637237,2.2286677137980275
0.6189333477704143,1.7972235713333422
0.7945727513532289,1.7973490578738816
0.9282212252582765,1.712493704353505
1.0724144701292846,1.8466174298482867
1.0116677039143076,1.6338162918829995
0.9345712333279598,1.939110366477264
0.7273580462568974,1.7931126167081801
0.724720017171117,2.3601844409476485
0.573721236218875,2.454422400936364
0.4389864442558439,2.7066918193956577
0.4864443094075781,3.600208150909562
0.42626556289216117,3.159380054377195
0.41791992404247624,3.222676633525405
0.46842399692640846,3.4467990362071554
0.41355973521038153,3.1138615357016963
0.40197301079611475,2.850354076554268
0.4449429309544756,3.0908067770580954
0.4048276744496534,2.7645183971775795
0.4489946692327823,2.7587961227190743
0.4432260017979733,2.65935601078784
0.44255155401494406,2.918000353478214
0.414690278190599,2.6965956057741627
0.41790686946878836,2.849365019105375
0.40255038796193726,2.613348507945411
0.494376415137105,2.979477111548221
0.45192157501106783,2.7381130721258815
0.4698229337777667,2.648092899474685
0.5420073927802135,2.796990021566342
0.5759685619186127,2.772041207094927
0.5260343331077395,2.821456877577875
0.6818841031211479,2.672839826672735
0.44904464324635307,2.9031816774590418
0.48473029337229945,3.2427678984424952
0.4047806477568755,2.6906007762662902
0.42127213166928307,2.9736856353125862
0.4088559981834108,3.034717248548525
0.4044418585257004,3.0625116132213464
0.37831677261314856,3.1600577477098293
0.47840269935390284,3.8169883820108184
0.4418075100326022,3.834511169962104
0.4145784090195133,3.4962040161699064
0.43547369006211656,3.681732106888804
0.41010528938566604,3.0746931321855815
0.41907049843943367,2.7990323665820998
0.4630968881138265,2.4294013221372395
0.7871028337128316,2.6138548648966227
0.5819770452328862,2.0104661562590613
0.6406122031450688,1.9766483487417366
0.7901385632998079,1.850698880884042
0.9453461895732644,1.708700599335633
1.0133595949139325,1.6148725095419885
1.2792023557885879,1.8127733918929185
1.2643547630367074,1.6632688326579144
0.9166411939196933,1.6323075806163523
0.7393956736560406,1.9018680161954842
0.5934581388196958,2.0628224076620443
0.5413288192118776,3.114811815358183
0.4776979646396302,3.1420775214264447
0.5304553063973285,3.108978694178995
0.5412635311452182,3.053652542022488
0.4644295495623839,2.771675814500644
0.43240441642604227,2.7655384066606765
0.4378035376164806,3.1816845327315355
0.4236843724243753,3.0632153557099215
0.4210043252008456,3.208188039632112
0.3858519377262283,2.6514424597764887
0.4367985338512153,2.8590449488443186
0.4440687930504899,2.771274232566426
0.5408164177075698,2.8371171431611018
0.43490703259583935,2.5350196017618445
0.4563683681242041,3.1140429824945692
0.41858292807241837,2.974848724108257
0.43335104765711097,2.9732053162784675
0.4808957590892724,3.196542398652223
0.5496416286688263,2.6659088620461255
0.4676067638400446,2.5680863447258067
0.5195684088375139,2.5672791966088924
0.5657284661579591,2.5140125956003425
0.5915321191643266,2.7520478271281505
0.5423898350904591,2.6655414890274436
0.4884057363378196,2.5882892230522954
0.41599195022824,2.685038951473185
0.42490874734849016,2.860749266907749
0.3850857103327388,2.9983144077244264
0.43223475887720414,3.2244250729074855
0.38945641775089174,3.184378945139644
0.43748833196770887,3.4882091067585774
0.4211217904421661,3.4297780045102617
0.43095089902105715,3.2885932240804734
0.4076566971552508,2.9102764208676994
0.4823558555469909,3.1804533149167904
0.43246825990249027,2.442173702978769
0.49035277718525966,2.2944314440486746
0.5444036461472223,2.203815829590627
0.5800027684930832,1.96022326036165
0.7655247864676755,2.0959823030558815
0.9536577849455744,1.9532135381505618
0.8795249062318883,1.57561948442611
0.9691912438912176,1.528938058544969
1.1794676424770987,1.4948333222838095
1.2089554957846012,1.5516006363010924
1.0487903659269602,1.6601173706651349
0.9613010079767688,2.0202743108816583
0.8297193761154658,2.2140640036450128
0.5145181502229219,2.616613694449191
0.4535593205396599,2.891137487076335
0.48511742285001386,2.8743855856567664
0.42294717090640194,2.4019780508160364
0.4200935340102425,2.6104207835288866
0.4292715762169055,2.8510978484566665
0.4006900879848285,2.7405487835967683
0.4147167549489697,2.84757386820576
0.3962497347620414,2.843674567115827
0.4414490260358956,3.085421802293666
0.42322843958939116,2.926387018123437
0.37569651510438307,2.4711588961411293
0.4352455243780263,2.890775087045501
0.40749358912531536,2.8502760137749332
0.37935459982517433,2.809658399774687
0.3964385971234733,3.0209893096307456
0.4701012715025675,3.4842800123131474
0.43220095172560197,3.2033717598485794
0.49521372240694783,3.1778420689215903
0.48594810041611614,2.7077963670245615
0.7782160208572736,2.7549679454947333
0.5189594728158714,2.550394414533614
0.5328879439773933,2.3737735686265697
0.5855641631355155,2.6084221812400235
0.41867866596887976,2.133693950098088
0.4275544574970952,2.739092192949305
0.3987815106596075,2.759482752906589
0.39641861904262915,2.8576058741682573
0.44377682109074856,3.1277959903615327
0.4222602043042307,3.0077571771830764
0.41097093107395455,2.9932749097471985
0.42638058688625363,3.1260309338024266
0.5515706491320453,3.06460911469623
0.441583909741373,3.235133456394016
0.4531353084029078,3.0556343523853835
0.4719306129507964,2.7861572015918674
0.4486016583877899,2.3365669265759754
0.6559745732395194,2.5081380741511037
0.6569873687110269,2.227433111030968
0.7433092145598809,1.9675832150114492
0.9763107586232891,1.9369587778034238
0.941699223304653,1.762538653244003
1.0422985558989692,1.5327919939690726
1.3488425496122656,1.601299711304401
1.252612332682849,1.6009323396320905
1.0676505493190893,1.610039865818092
0.8444847884640676,1.8921878415317879
0.7452023124633717,2.2475620547023616
0.5004099470364883,2.563597482678908
0.45967455227157894,2.925201696273684
0.4662140127811481,2.650189815969842
0.47214941944133915,2.6612058186693663
0.43749092908830134,2.7138474745584467
0.45235459697928765,3.1156829995150934
0.42446896220543234,2.875947460504186
0.4397625337631893,2.9678091850756414
0.46545137863742125,3.131218365379016
0.439785252284676,2.9891286398600174
0.43160864137844207,2.594267983472561
0.4522217467488839,2.7254219710480863
0.551329960034098,2.859839899642113
0.43136515121159447,2.7104494795380933
0.4472470734646466,2.8772097827698926
0.4424692002827365,3.0121031655610886
0.6527549704508923,3.0752787645306743
0.45980213482244786,2.9063429056691628
0.4159047571224332,2.631098008961703
0.48485917221779273,2.6783931812886626
0.5226595595785023,2.4931140488985246
0.5575890851148398,2.5166052825504
0.6094735176696714,2.512856054135383
0.5074621654278616,2.2713680880380758
0.4376787143851261,2.5722401449692707
0.45957267287676606,3.2317543573954404
0.4422632482085459,3.5002652799392937
0.4364910790261381,3.624976715120815
0.4280240535109656,3.561526349000334
0.40093000095071984,3.4154090455320683
0.36032027036957476,3.09066157044277
0.42384973242392765,3.6038560136579942
0.4505557801787308,3.929713783270107
0.46022065027532705,3.903261771853843
0.46298272143956243,3.4661808022213227
0.4701218160677446,3.3687873450843733
0.4676160252553416,2.738179399222455
0.4931692613402884,2.4552972315925587
0.5339404141557131,2.0843663226399496
0.5887123705934818,1.8920648915865377
0.8204755895487843,2.0489951888731675
0.8110634760455407,1.7739302764846319
0.9237418278875622,1.6301326374486391
0.9568601457467087,1.4480824665578533
1.022696198849676,1.4875581074177109
0.9036363341160343,1.4883421973675859
0.9328783594333669,2.0603142376790404
0.6482551153518975,2.06609651737824
0.504838717115867,2.921045411333519
0.49138008470283356,3.387106573165521
0.48622209805780026,3.294349723204454
0.4654358556609471,3.1385808234676698
0.43616814346666277,3.1558048027293837
0.4261402926659447,2.996654999228435
0.4796070430691312,3.6393710915245836
0.4588785035212066,3.3642910605752636
0.42458822121446116,3.0811027603637635
0.4349071198351518,2.8629447300378175
0.4306769506587378,2.8719473661574653
0.4443605433830826,2.967948228264546
0.4625886248399695,3.344491020233362
0.41019773146644567,3.1214511865066963
0.4160652364538554,3.1839002853768292
0.44048241441653063,3.51443723160141
0.48485322546637943,3.8710474097395964
0.4430681603481218,3.388168285015049
0.4177473167736448,2.951038531860881
0.4562162588639873,2.6689870973112413
0.4605155828184349,2.659662189539624
0.47657334621836617,2.5536176091486786
0.4965755983395475,2.6103412468864984
0.5058804834425227,2.848621117994526
0.4139689200180556,2.8025917258976385
0.43029850763512184,3.4193774456994173
0.4808404926864978,2.885042956118987
0.4548078310151835,3.862218372471184
0.4217028334941175,3.883274220731927
0.4355603880279215,4.122683886681396
0.4248870505503313,3.9194126320819334
0.39785068571623233,3.7146914292007573
0.4347372808777249,4.049798627213887
0.4108145129415124,3.67536192594198
0.3961222239790431,3.1562679878544078
0.480533994015046,3.2815075420171858
0.4604339236521642,2.553315394798365
0.4641833662445838,2.2638247594388257
0.6007996051662416,2.2618338076846745
0.7169361017585184,2.223652080320538
0.7224030203366483,1.7886235209404715
0.8297479639587558,1.597375759492792
0.8838803380796332,1.446349644130309
1.0470809753204755,1.562222417724132
1.2354238416989407,1.6780623304359945
0.9017638881692815,1.6058148382907527
0.771629685322192,1.8321047073960068
0.7210956030634111,2.174855187849005
0.4867418679979377,2.761674448908085
0.5261438573879954,3.7252110544476253
0.4661022748794319,3.0583288303586253
0.4450586374449329,2.784591474922842
0.4337942988798965,2.7929857532160183
0.4306445582015693,3.281649708220515
0.3981649830814244,3.0980216598046657
0.45627837864496,3.6331470898521148
0.42915427632105474,3.107352353682931
0.44030499223436675,3.2657915734174687
0.43745278222213685,3.132349066285782
0.39360031131796885,2.8057177272024196
0.3822844485333939,2.853845401885657
0.42112633944568184,3.353246627992622
0.41482690530920957,3.3629817564104907
0.44579665601106133,3.432872645218868
0.3749892682930882,2.8134221573005496
0.4199155931214205,2.948391303574466
0.40718921294099686,2.5999140120403754
0.5228731976531226,2.882792870483259
0.5073522513220683,2.52048257474974
0.5354644367100594,2.5456036590119937
0.5657843416164284,2.7472309207899306
0.5981366336203211,2.773178937694216
0.5016528032819207,2.779210182888074
0.4156565060782896,2.7695615324788707
0.4112649645934002,3.081188317622212
0.3938440836942041,3.1697077324052256
0.43125751199069895,3.459284855540366
0.43275140956012903,3.6795440705914713
0.38923339030346743,3.424004957482374
0.3406589538135564,2.987597242001243
0.4338010205247677,4.022518553956937
0.4452318525947772,4.178512841196973
0.42900256543183124,3.6407864777557015
0.5419581570120854,4.576213528995095
0.4548120077465283,3.1739554551295157
0.5414891192995352,2.354174620270172
0.5213964537318476,2.459206803163046
0.5835839725168599,2.331215120160932
0.6303419623433999,2.177544960822654
0.7809298257303261,1.9168277540653458
0.8719302770191115,1.7671741978087876
0.9223775909760736,1.6375901615190185
1.0720755921524858,1.6224459496211419
0.8698996640859834,1.8560960747075261
0.7945609702637072,1.9587839962115992
0.706865682137624,2.577980723090158
0.5831024547073733,3.115076750014256
0.5148114671338186,3.768860419819239
0.4728896690727205,3.171142486722949
0.5157718100505186,4.512313803436623
0.4667849450008788,3.9439583588309546
0.423837469234074,3.456428559261833
0.3958447385134561,3.0291648171805114
0.4448617828187119,3.359063301283536
0.3794968745400388,2.7133011832087264
0.3862803318042471,2.6275325243583008
0.41990832633493275,2.6878623883578316
0.4298552851185946,2.969909242637563
0.41170206316356733,2.8643015196566903
0.4476824664328657,3.322905151918811
0.5775764932304207,2.903325687896232
0.5472773222404563,2.832964962185892
0.4467729954501806,3.1751941762208027
0.44459348240608415,3.093134334814521
0.4215933619022436,2.745993127256325
0.4342044398655904,2.7422216228944505
0.479237922382327,2.6678431935829003
0.4817449299288926,2.7358990138207697
0.39106345517979607,2.3840232027003614
0.45438417433133116,2.791911317148126
0.4323747207429673,2.9988770738161956
0.4242183434643414,3.2190686062882374
0.4182502161391999,3.4734897629100394
0.4079169504586712,3.446571025265778
0.4589024294115618,3.8209148801807578
0.3765254699694366,3.2659054133177867
0.4288789746951205,3.7154221337224347
0.4323441403472855,3.7639372218469562
0.4021149579294949,3.7609575476935118
0.424517146069644,4.061289702238466
0.4952389085675002,4.502171896068184
0.45199444463911376,3.7996538340785393
0.4438091455027285,2.8147467730814757
0.5103909141651338,2.8194321622063274
0.5768785551126052,2.418571054589746
0.5310115080723707,2.1524423696195565
0.6484117779970442,1.8550818247509018
0.8276760659408705,1.9032123441421085
0.8569216390390195,1.713843278078039
1.2153814126812759,2.0537996064560597
1.024950395986692,1.6881535933898453
0.9864407121878267,1.7724282315246513
0.8322739213384703,1.9271369408532495
1.813568433129916,3.1810184281637026
0.6001124148998723,2.4453778617845066
0.5130101383911275,3.3194773660602372
0.5212228330497214,4.0081199675160395
0.46448161728698234,3.884755344582034
0.4222880078532483,3.457341925258413
0.4257377280808383,3.2693014840860095
0.42931997660150906,3.4460389565714715
0.4179361748026743,3.417242841033631
0.4346960018378249,3.112609339362821
0.4345212437713128,3.1043870677993257
0.4347488585259816,2.936298440204892
0.4344781068099382,2.9507336665701684
0.422881775196034,3.012184623321483
0.46706309185781425,3.5916402464788066
0.4314076103508457,3.109825982636043
0.4022082476338688,2.7294238836758264
0.4970801000567371,3.482218882750404
0.43636375485476403,2.907536035021583
0.45698795666677827,2.668614164064823
0.4301043391640432,2.373623946616538
0.41955481731060174,2.1875184325018004
0.5110274527343407,2.683577318637019
0.4752499343111966,2.9150356933419386
0.41719513151595267,2.5500215792659566
0.4482642204313536,3.106686789727456
0.4186566100784842,3.0380589298208722
0.44813050998306664,3.3238343173610345
0.365992927038433,2.695038826373916
0.39968620042128095,3.1761160097648315
0.40225131731270686,3.2674852994545547
0.40437249388540936,3.3776996548075373
0.41563778363719983,3.778525305792726
0.38595452627963417,3.3621386273236578
0.4015993042481727,3.5241949640173873
0.3596577203706197,2.717627587613292
0.48162671196644335,3.178221190195674
0.8391477941581201,3.1546572154714356
0.5371341658883867,2.2404526705504897
0.6999387449822148,2.36182539082234
0.6311434457037512,1.92043112623227
0.9230607096942277,2.1570990916383823
1.0206794357073716,1.7466172161837374
1.1063133270444865,1.6742602756876452
1.0125283379071643,1.5323289819664574
1.285321734448784,1.5946237561075824
0.9238002584019485,1.8031395418005947
0.8195378430586896,2.0992439937171783
0.5571177543208049,1.9990695890334764
0.4958239730800985,2.818507397776175
0.4447996688933119,3.011317544486272
0.5261092781146923,3.2945131800658007
0.6515597619131911,3.2717359167726547
0.49705187723931216,2.740430403388935
0.44030936612902366,3.089229349525556
0.46276181875317146,3.6377533345837545
0.4344116060805552,3.419539487436242
0.43322373152510957,3.310570654274768
0.4795572174626876,3.746701041245917
0.3809502581593641,2.780733167847765
0.39500967394965053,2.9720781350115417
0.3659053185448971,2.6376490342166914
0.39714660473038843,2.8416158135254532
0.4147086647668455,2.6989328610762082
0.4777648478267672,4.133815635207002
0.45519397362792446,3.7535246381511205
0.4933707148884014,4.0894364068289955
0.46761042008367243,3.25326821673186
0.40644099109544213,2.5255851960048328
0.4576291208248288,2.596494637407184
0.5059062519299129,2.6431572627568176
0.4990222044921775,2.4497453675070533
0.5048828991351981,2.686409008767498
0.42503819069964927,2.70024262326836
0.40304757912352634,3.0476431918752205
0.40856344758842067,3.358085662798944
0.43679254614196894,3.517698259303771
0.4255811585166167,3.7346453536137325
0.370460071453859,3.324235293580617
0.3420204248035666,2.979418566871711
0.41037942916235054,3.7899747281464133
0.37405312833569554,3.308469915867596
0.37469333407435235,3.187898901135265
0.454787029260066,3.4315748571441342
0.4304240943062802,2.9070889364108656
0.5170275853558391,2.7703831044200578
0.570717244123253,2.4659868088320236
0.6031729170497937,2.0707861644169387
0.7096114359343996,2.0605294637025615
0.7390179639315214,1.6716823462194308
0.9004521246061081,1.7671974851895278
1.1036918813028558,1.6879993478749558
1.2042988933740137,1.7195069761008643
1.1995336029658854,1.6228984040126686
1.032326797937817,1.7168643537896313
1.0014520212429636,2.1474987193498847
0.7129368712371394,2.1388106137114185
0.5474466471731491,2.90995704433214
0.49874227051866776,3.4858617516999932
0.4700639964012269,3.343235910233325
0.46940226640662136,3.228081896250883
0.44362986239186447,3.328410144041636
0.4128471405361906,3.141612197770049
0.4171996691403392,3.315287210387936
0.4213381547270458,3.27381999368127
0.45268827658924965,3.3794269204202805
0.40140560482056076,3.091037812521965
0.4013271033356959,2.9659575230477633
0.42050454272131677,3.100939916645432
0.4385945389365861,3.2132327184124225
0.43666371223842004,3.5470169994126204
0.4374670056842485,3.6564755608795743
0.40800092064121213,3.268371011339763
0.3787708467788045,3.1516975272075927
0.4028862497216135,3.236016829314778
0.42848370959273396,2.8939835573027968
0.4350032632513188,2.7240043918037125
0.6845514457597313,2.8224019501644535
0.4907659807853295,2.823872702272805
0.5000980483271527,2.5700225906010354
0.5288678800808446,2.8140296293071683
0.4802686737569626,3.0100261264340116
0.41412778105029274,3.213365830502539
0.39592548366057684,3.1187071520429392
0.40803541775508606,3.4061138348432585
0.3882807417976474,3.3304936355263446
0.3890488232386535,3.414059459543478
0.385455954417286,3.473226113332229
0.41725642985875444,3.7017562413672382
0.4108923581244463,3.6892420817697613
0.4366096585194689,3.8174159982851967
0.4137920106749169,3.2129732593581783
0.4344170999479161,2.9085037921646575
0.5128209953931387,2.739615905870297
0.5161167608298047,2.4453446529155456
0.6070010508528163,2.1683246094635362
0.6974906935576205,2.137230841756773
0.700410776874671,1.7191900886923743
0.9201001533106722,1.7467141947876397
0.9782870469355074,1.5694444603243434
1.2023668684830342,1.5881530294936335
1.334300842911536,1.8337717466752124
1.0501136336263894,1.869988449184961
1.1998827313408515,2.194437936462948
0.6974763043620005,2.1222674715613814
0.43206515235573484,2.319750871471432
0.47659806154959033,3.547724607898555
0.4248883945131963,2.940136804813241
0.4752380041029964,3.1284384120363025
0.4665521839583658,3.1236541942025347
0.4592610115377441,3.286049376671132
0.41222990770526874,2.98480906434724
0.4065420122502404,3.0240638451341413
0.38623175965107936,2.821350714884355
0.6004658524799946,3.079394398547138
0.48190911864825586,3.283166936673144
0.4325300980910009,3.16649039725444
0.4009694681129032,3.0147757869879244
0.4523794743390038,3.4255044687916008
0.45362722559603214,3.9395220019676795
0.4248879339064201,3.5695130704116895
0.44351159788147004,3.7354586452583707
0.43353647222495595,3.405695602665563
0.4303757560268031,3.0862774803847217
0.3977158979425743,2.4181977324101975
0.42740545324220697,2.3678719227750076
0.5059650371952815,2.475711278254987
0.7338925001308608,2.9512682358203604
0.5860211279985922,2.6104577519937284
0.4656321881191031,2.6966826723689232
0.4238600361664714,3.236749367089418
0.43168556469216607,3.52966432307124
0.40797660917284534,3.532161124336025
0.4024931723213388,3.501905836186194
0.3957812973132266,3.6784379397346947
0.3962622157013795,3.5133837092667766
0.3585337490723983,3.1347736884137505
0.38708181613525755,3.2788106778515935
0.40376357951607295,3.484889932293806
0.43919792543326064,3.1988640344390427
0.47676133099536583,3.2047539735891704
0.5047934203826426,2.8155055479096056
0.5151131428663861,2.2395025943870155
0.6238145402602704,2.1783470309623345
0.7575119329091856,2.1550606861373622
0.8623469695763636,1.8399809671709577
0.885175648741913,1.652012307010308
1.1072504400541698,1.7881798550607448
1.0027116652041337,1.5067485450393667
1.3041435111387316,1.6388969257625772
1.21248196153403,1.899771201761876
0.8527660928705226,1.9973879608411171
0.7429113882066648,2.1532511893476594
0.4990314420700139,2.7219896840182574
0.47986370438298626,3.4385955287336984
0.4807995797797474,3.35017033397332
0.4150296148819839,2.9251819915211486
0.4716590823279007,3.4756482109510545
0.4570507623178149,3.734617993698509
0.4538618112297592,3.7085606821340757
0.4297357497401737,3.329877547451934
0.4645179047065129,3.663978125358858
0.4587712155036414,3.621103283868314
0.41477379173955997,3.338152708919988
0.5576038810172907,3.0593667482552953
0.42778997829264953,3.214143954551725
0.4121656539193942,3.3392030250688887
0.4117277603572449,3.399506213858749
0.4026217047479298,3.367381530619049
0.4354978707254053,3.586453053032749
0.4763484146132088,4.037498594448856
0.4678954185730192,3.653087225222503
0.47308849796932134,2.856240182927079
0.6357824565001794,2.7675236341772513
0.4959920562274605,2.723977763345465
0.5177517642241191,2.5499966569540837
0.4970607260326433,2.509226338902755
0.4722349780567301,3.0278595651872697
0.5411739150019801,2.9373878274171648
0.4464339942823926,3.9033132655171765
0.44532518222975725,4.029359402848927
0.39666937994096135,3.5360847933774466
0.38732669357309363,3.4921540393809405
0.39661492704141926,3.722241694960913
0.4269215812468453,4.139084635296955
0.3989808510073844,3.7743161787810853
0.4204028451110528,3.9387475114147836
0.7264636718391947,3.620663861786789
